ecotype_id,1348_Resistance_Nc14_combined,1365_telomere_length,1529_dtb.swede.NV,1530_dtb.swede.8W,1531_dtb.swede.12W,1595_GS_cov,1596_GS_fc,161_Germ_10,162_Germ_16,163_Germ_22,164_Width_10,165_Width_16,166_Width_22,167_Chlorosis_10,170_Anthocyanin_10,173_Leaf_serr_10,176_Leaf_roll_10,2052_germ_284_t0,2053_germ_284_t7,2054_germ_284_t21,2056_germ_284_t105,2071_EndoPoly_allMedian,264_Cotol_survival,266_Cotol_damage,314_DTF1stSpAverage2009,315_DTF2ndSpAverage2009,316_DTF1stSwAverage2009,317_DTF2ndSwAverage2009,318_size1stSpAverage2009,319_size2ndSpAverage2009,320_size1stSwAverage2009,321_size2ndSwAverage2009,322_area1stSwAverage2009,323_area2ndSwAverage2009,332_Yield1stSpAverage2009,5_FT10,6_FT16,7_FT22,80_LN10
430,NA,NA,NA,NA,NA,NA,NA,NA,NA,NA,NA,NA,NA,NA,NA,NA,NA,NA,NA,NA,NA,NA,NA,NA,NA,NA,NA,NA,NA,NA,NA,NA,NA,NA,NA,NA,NA,NA,NA
992,NA,NA,100,29.4,19.1,1245.36,166.872,8,NA,NA,9.5,NA,NA,1,0,1,0,0,0,0,61.8557,1.15939,NA,NA,NA,NA,NA,NA,NA,NA,NA,NA,NA,NA,NA,100,NA,NA,51
997,NA,NA,76.2,26.3,20.6,1255.24,172.621,8,NA,NA,9.5,NA,NA,0,1,1,0,0,0,4.61538,65.9794,1.26505,0,1.5,NA,NA,NA,NA,NA,NA,NA,NA,NA,NA,NA,96.3,NA,NA,58.6667
1002,NA,NA,94.3,31.5,18.2,1226.58,167.06,8,NA,NA,9.1,NA,NA,0,0,1,1,0,0,0.833333,48.3871,1.2409,0,1.5,NA,NA,NA,NA,NA,NA,NA,NA,NA,NA,NA,100,NA,NA,45.5
1066,NA,NA,NA,37,24.3333,1243.58,NA,9,NA,NA,10.1,NA,NA,0,0,1,0,NA,NA,NA,NA,NA,NA,NA,NA,NA,NA,NA,NA,NA,NA,NA,NA,NA,NA,123,NA,NA,63
1435,NA,NA,30.7,19.2,17,1009.42,164.127,8,NA,NA,8.6,NA,NA,1,1,1,1,79.7753,88.2353,64.1026,100,1.04726,0,1.5,NA,NA,NA,NA,NA,NA,NA,NA,NA,NA,NA,60.5,NA,NA,10
5726,NA,NA,NA,NA,NA,NA,NA,NA,NA,NA,NA,NA,NA,NA,NA,NA,NA,NA,NA,NA,NA,NA,NA,NA,NA,NA,NA,NA,NA,NA,NA,NA,NA,NA,NA,NA,NA,NA,NA
5748,NA,NA,NA,NA,NA,NA,NA,NA,NA,NA,NA,NA,NA,NA,NA,NA,NA,NA,NA,NA,NA,NA,NA,NA,NA,NA,NA,NA,NA,NA,NA,NA,NA,NA,NA,NA,NA,NA,NA
5830,0,3018,33.4,26.5,19,1431.38,167.232,6,NA,NA,7.1,NA,NA,0,0,1,0,26.4151,83.4646,47.0588,94.1176,1.36414,0,1.5,NA,NA,NA,NA,NA,NA,NA,NA,NA,NA,NA,98,NA,NA,40.5
5831,0,3172,77.75,29.4444,15.8,1419.12,170.845,5,NA,NA,6.6,NA,NA,0,0,1,0,0,0,0,1.33333,1.34996,0,1.5,NA,NA,NA,NA,NA,NA,NA,NA,NA,NA,NA,105,NA,NA,43.5
5832,0,3327,77.125,NA,18.2,1241.59,169.094,7,4,4,NA,7.2,11,1,1,1,0,0,0,0,9.1954,1.34854,0,1.5,85.5,79.75,78.5,112.25,13.25,13.225,14.825,12.225,18933.5,16246,0.0805,87,100.5,132,NA
5837,0,1859,NA,NA,NA,NA,NA,7,4,2,4.5,8.5,10.5,0,0,0.5,1,NA,NA,NA,NA,1.34072,0,1.5,66.25,55.25,53.75,48.5,10.75,11.15,9.4,11.825,12621,8686,0.3365,57,49.75,42,21
5856,NA,3600,100,26.2,19.3,1570.19,177.917,6,NA,NA,5.2,NA,NA,1,1,1,0,85.7143,90.7407,93.8462,98.0769,1.30769,0,1.5,NA,NA,NA,NA,NA,NA,NA,NA,NA,NA,NA,118.7,NA,NA,48.6667
5867,0,2502,100,34.2,21.6,1259.91,171.055,6,NA,NA,7.1,NA,NA,0,0,1,0,28.7671,43.3333,63.2911,51.5464,1.1307,NA,NA,NA,NA,NA,NA,NA,NA,NA,NA,NA,NA,NA,122.5,NA,NA,73.5
6009,0,4157,100,NA,22.5,1383.42,171.626,5,4,4,2.4,7.8,7.7,1,0,0,0,NA,NA,NA,NA,1.34068,0,1.5,93,127,151,162.333,NA,NA,NA,NA,NA,5333.5,NA,98,151.5,270,30.5
6012,0,7252,100,29.3,17.4,1288.6,168.418,6,NA,NA,7.1,NA,NA,1,0,1,1,45.7447,49.0196,78.4615,99.0909,1.35472,NA,NA,NA,NA,NA,NA,NA,NA,NA,NA,NA,NA,NA,94.5,NA,NA,31.5
6013,0,3524,100,25.9,19,1438.45,170.588,6,NA,NA,2.3,NA,NA,1,NA,0,1,7.47664,41.3793,23.75,98,1.43017,NA,NA,NA,NA,NA,NA,NA,NA,NA,NA,NA,NA,NA,101.3,NA,NA,16
6016,NA,3226,NA,NA,NA,1563.92,181.605,7,3,2,2.8,6.5,9.5,1,0,0,0,82.4561,94.4444,96.2264,94.6809,1.47354,0,1.5,83.25,83.25,79.5,155,13.425,12.9,15.2,12.4,11165,5394.5,0.089,75,101.5,113,38
6017,0,3795,85.2,25.5,19,1282.91,176.663,6,NA,NA,8.8,NA,NA,1,1,1,0,64.5161,80.3922,75,99,1.11298,0,1.5,NA,NA,NA,NA,NA,NA,NA,NA,NA,NA,NA,85,NA,NA,38
6019,0,2299,100,34.85,25.35,1474.14,165.024,5.5,4,3,8.7,7.5,9,0,1,1,0.5,0,0.900901,5.10204,75,1.23603,0,1.5,101.75,112.25,116.5,154.75,14.3,10.925,14.275,11.35,12143.5,11026.5,NA,103.3,145,250,44
6020,0,2533,93.2941,30.6667,22.2,1508.57,164.778,6,4,3,9,10,12.5,0.5,0.5,1,0.5,0,0,0,0,1.13847,0,1.5,94.5,145.5,109.75,144.25,12.175,NA,14.075,NA,13746.5,12092.5,0.0455,103.8,125.667,220,47.5
6021,0,2255,86.5714,34.8,19.1111,1311.77,160.677,5,NA,NA,7.8,NA,NA,0,1,1,0,76.087,90.3846,96.2264,91.3043,1.14659,NA,NA,NA,NA,NA,NA,NA,NA,NA,NA,NA,NA,NA,102,NA,NA,36.5
6023,1,3399,65.4,32.1,19.3333,1272.49,166.199,6,NA,NA,5.5,NA,NA,1,1,1,0,0,0,0,3.8835,1.1977,NA,NA,NA,NA,NA,NA,NA,NA,NA,NA,NA,NA,NA,93.5,NA,NA,39
6024,1,2552,NA,NA,NA,1355.94,169.642,6,NA,NA,3.7,NA,NA,0,1,0,0,0,0,0,14.1509,1.36525,0,1.5,NA,NA,NA,NA,NA,NA,NA,NA,NA,NA,NA,104,NA,NA,41.5
6025,0,3674,96.4,27.6,17.3,1159.34,165.125,5,NA,NA,6.2,NA,NA,0,0,0,0,100,100,100,100,1.24534,NA,NA,NA,NA,NA,NA,NA,NA,NA,NA,NA,NA,NA,101,NA,NA,43.5
6030,NA,7021,100,25.6,13.6,1386.22,168.551,6,NA,NA,8.2,NA,NA,0,0,1,0,96.8254,100,100,100,1.30554,0,1.5,NA,NA,NA,NA,NA,NA,NA,NA,NA,NA,NA,105,NA,NA,39.3333
6034,1,2486,78.7143,35,20.4,1307.28,160.765,6,NA,NA,6.6,NA,NA,0,0,0,1,75.6302,89.7436,94.0171,97.9798,1.18146,NA,NA,NA,NA,NA,NA,NA,NA,NA,NA,NA,NA,NA,91.5,NA,NA,28.5
6035,0,1230,59,29.6667,20.3,1429.64,167.259,6,NA,NA,6,NA,NA,0,1,1,0,95.5056,95.8333,96.3158,100,1.18303,NA,NA,NA,NA,NA,NA,NA,NA,NA,NA,NA,NA,NA,84,NA,NA,21.5
6036,0,NA,62.2,28.8,19.3,1108.48,161.01,6,NA,NA,7.6,NA,NA,0,0,1,0,96,97.7778,100,100,1.2301,0,1.5,NA,NA,NA,NA,NA,NA,NA,NA,NA,NA,NA,82.5,NA,NA,24.5
6038,0,NA,43.3333,26.2,19.8,1170.94,160.966,6,NA,NA,8.6,NA,NA,0,0,1,0,92.8571,95.7265,97.0238,100,1.26401,NA,NA,NA,NA,NA,NA,NA,NA,NA,NA,NA,NA,NA,85.8,NA,NA,30.5
6039,0,4190,NA,NA,NA,1601.31,167.687,6.5,3,2,4.85,8,15.5,1,0.5,0.75,0,100,100,100,100,1.24057,0,1.5,72.75,51.25,45,33.75,13.575,11.4,7.125,6.925,14291.5,15053.5,0.222,66,43.25,34,24.5
6040,1,3184,NA,NA,NA,1337.96,165.248,7,3,2,1.8,6.2,9.7,0,0,0.5,0,0,0,0,66.25,1.29568,0,1.5,83.5,76,74.6667,84.25,11.8,10.775,12.8,12.1,NA,10104,0.08,71,92.75,87.75,34.5
6041,0,2920,36.7,20.2,15,1186.38,164.024,6,NA,NA,7.2,NA,NA,0,0,1,0,97.1963,100,97.6923,100,1.20997,0,1.5,NA,NA,NA,NA,NA,NA,NA,NA,NA,NA,NA,73,NA,NA,23
6042,NA,3163,NA,NA,NA,1415.29,NA,5,3,2,2,8.5,9,1,0,0.5,0,24.3902,32.0388,86.3636,98,NA,0,1.5,69.25,41.75,31.25,23.5,7.825,4.65,4.425,3.05,15962.5,9295.5,0.275,56,35,28.5,16.5
6043,0,3427,100,30.3,24.1,1466,NA,5,3,2,3.8,7.2,8.5,0,1,0.75,0,87.6543,97.5806,96.7742,100,NA,0,1.5,NA,NA,NA,NA,NA,NA,NA,NA,NA,NA,NA,90,173.667,270,48
6046,0,3334,NA,NA,NA,1446.62,172.899,5,4,2,3.2,7.2,8.6,0,0,0,0,95.5556,97.1831,100,100,1.3905,0,1.5,106.25,170.25,133.75,170.25,10.9,NA,NA,NA,9151,10216,NA,93,149.333,270,42
6064,NA,2978,NA,NA,NA,1288.3,164.329,7,3,2,2.4,6.2,11.2,1,0,0.75,0,66.6667,88.2883,100,99,1.23183,NA,NA,119,170.75,152.5,171,11.775,NA,NA,NA,17086,11593.5,NA,96,201,250,45.5
6069,NA,4968,100,27.5,16.2,1434.9,169.727,6,NA,NA,5,NA,NA,1,0,1,0,71.2871,86.1111,97.7444,100,1.26707,NA,NA,NA,NA,NA,NA,NA,NA,NA,NA,NA,NA,NA,111,NA,NA,48
6070,0,3725,99.7,22.2,18.2,1278,171.458,7,NA,NA,3.6,NA,NA,1,0,1,0,NA,NA,NA,NA,1.25629,NA,NA,NA,NA,NA,NA,NA,NA,NA,NA,NA,NA,NA,96,NA,NA,28.5
6071,0,2985,99,27.1,19.6,1283.62,172.007,6,NA,NA,3.1,NA,NA,1,0,0,0,16.8675,18,33.3333,97.3684,1.28679,NA,NA,NA,NA,NA,NA,NA,NA,NA,NA,NA,NA,NA,109,NA,NA,33.3333
6073,NA,NA,78.1667,23,22.4,1196.17,164.108,6,NA,NA,5.4,NA,NA,0,1,0,0,0,0,0,6.08696,1.05118,NA,NA,NA,NA,NA,NA,NA,NA,NA,NA,NA,NA,NA,106.8,NA,NA,40
6074,0,2667,NA,NA,NA,1261.82,169.023,7,3,2,2.5,7.2,15,0,0,0.75,0,2,2.88462,25,95,1.27466,NA,NA,105.5,162,122.25,168.75,13.65,NA,10.55,NA,5520,5603.5,NA,91,97,123,36.6667
6076,0,2306,99.6,30.7895,19.4,1472.2,170.48,6,3,3,9.5,7.3,9.1,0,0.5,1,0,0,5.82524,1,95.6522,1.37862,0,1.5,98.75,124.5,88.25,128,12.45,8.25,12.75,9.9,11647,9429,NA,115,129.667,220,51
6085,NA,NA,100,24.95,23.8824,1117.34,166.192,6,5,2,6.5,6.5,9.1,0,0,0.5,0,1,9.92366,32.1212,95.098,1.34763,NA,NA,97.5,155,132.333,169.5,13.675,NA,9.3,NA,15354,11780,NA,125,250,250,70.5
6086,0,4899,94.5,25,17.2,1330.65,168.292,5,NA,NA,7,NA,NA,0,1,1,0,0,13.6986,73.6842,100,1.40418,0,1.5,NA,NA,NA,NA,NA,NA,NA,NA,NA,NA,NA,92.5,NA,NA,32.5
6088,0,2503,NA,NA,NA,1201.26,165.887,7,3,2,5.1,9.2,13,0.5,0.5,0.375,0,NA,NA,NA,NA,1.31999,0,1.5,NA,NA,NA,NA,NA,NA,NA,NA,NA,NA,NA,92.6667,180,250,34.6667
6090,0,NA,100,26.75,19.5,1223.15,166.517,6,NA,NA,10,NA,NA,1,1,1,0,0.854701,0,0,50,1.25328,NA,NA,NA,NA,NA,NA,NA,NA,NA,NA,NA,NA,NA,92,NA,NA,42.6667
6092,0,NA,79.6,35.1,23.9,1521.53,168.411,6,NA,NA,8,NA,NA,1,0,1,0,0,0,11.811,99,1.42061,0,1.5,NA,NA,NA,NA,NA,NA,NA,NA,NA,NA,NA,104,NA,NA,45
6097,0,NA,100,28.1,20.1,1144.9,162.194,6,NA,NA,8.9,NA,NA,0,0,1,0,0,0,0,2,1.35383,0,1.5,NA,NA,NA,NA,NA,NA,NA,NA,NA,NA,NA,114.5,NA,NA,64.5
6098,0,NA,100,38.2632,29,1241.02,168.526,6,4,3,7.5,8,10.5,0.5,0.5,1,0,0,0,0,6.0241,1.41241,0,1.5,111.25,128.25,119.75,169.25,9.95,NA,9.05,10.25,15482.5,7264,NA,85,137.5,250,61.5
6099,0,NA,100,46.4,29.5,1261.44,161.588,6,NA,NA,8.6,NA,NA,1,1,0,0,16.4835,78.3019,82.7586,92.6829,1.28332,NA,NA,NA,NA,NA,NA,NA,NA,NA,NA,NA,NA,NA,111,NA,NA,61
6100,0,4715,77.7143,35.95,22.15,1231.84,162.381,6,4,3,7,9,12.7,0,0.5,1,0,0.909091,4.6875,11.8421,85,1.34782,0,1.5,108.333,148.25,136.333,171,14.75,10.6,13.65,NA,10494.5,6124,NA,115,188,250,54.5
6102,0,2588,100,39.9286,40.5,1401.67,168.343,6,4,3,6.9,8.6,11.6,0.5,0.5,0.5,0,0,3.87597,40.625,100,1.30091,0,1.5,133.25,170.75,151.25,170,11.7,NA,NA,NA,25020,12035,NA,118,250,250,74.5
6104,1,2915,85.6667,29.75,27.3,1266.8,166.969,6,NA,NA,5.4,NA,NA,0,1,0,0,0,0,2.06897,4.62963,1.22638,0,1.5,NA,NA,NA,NA,NA,NA,NA,NA,NA,NA,NA,101,NA,NA,44.5
6106,0,3032,100,28.125,20.6,1332.32,169.442,6,NA,NA,7,NA,NA,0,1,1,0,0,0,1,5.82524,1.2104,0,1.5,NA,NA,NA,NA,NA,NA,NA,NA,NA,NA,NA,105,NA,NA,38
6107,0,2665,97.5,28.7,22.2,1286.12,168.312,6,NA,NA,9.3,NA,NA,1,0,1,0,0,2.8777,22.8571,84.9673,1.33265,NA,NA,NA,NA,NA,NA,NA,NA,NA,NA,NA,NA,NA,113,NA,NA,60
6108,0,4789,61.1,47.8,17.4,1241.81,169.256,6,NA,NA,11,NA,NA,0,1,1,0,22.7273,81.9444,65.812,99,1.17793,NA,NA,NA,NA,NA,NA,NA,NA,NA,NA,NA,NA,NA,73.5,NA,NA,22.75
6111,0,2806,100,39.3333,22.7,1440.53,165.849,6,NA,NA,8.2,NA,NA,0,1,1,0,0,0,0,0,1.40165,NA,NA,NA,NA,NA,NA,NA,NA,NA,NA,NA,NA,NA,116,NA,NA,62
6112,0,2028,73.5625,31.9474,22.6,1382.21,167.979,6,3,2,9.6,7,11.5,0.5,0.5,1,0,0,0,5.83942,77.037,1.36465,0,1.5,100.75,128.75,93.5,158.5,13.15,8.65,11.125,8.1,23652,9467,NA,97,250,250,36.5
6113,0,3245,100,58.2222,32.8,1288.68,164.705,7,NA,NA,8.4,NA,NA,1,1,1,0,NA,NA,NA,NA,1.17959,NA,NA,NA,NA,NA,NA,NA,NA,NA,NA,NA,NA,NA,123.25,NA,NA,71
6114,0,3354,87.1429,33.3,15.7,1242.66,163.429,6,NA,NA,7.6,NA,NA,0,1,1,0,0.826446,0,0,49.4737,1.29199,0,1.5,NA,NA,NA,NA,NA,NA,NA,NA,NA,NA,NA,103.5,NA,NA,54
6125,0,4069,96.4,30.4,22.3,1381.74,167.331,7,NA,NA,6.5,NA,NA,0,0,1,0,0,0,0,0,1.13951,NA,NA,NA,NA,NA,NA,NA,NA,NA,NA,NA,NA,NA,108,NA,NA,53
6126,0,3378,78.5714,49.9,27.4,1271.18,163.922,5,NA,NA,8.8,NA,NA,0,0,1,0,0,1,19.8953,100,1.33872,0,1.5,NA,NA,NA,NA,NA,NA,NA,NA,NA,NA,NA,119.7,NA,NA,57.3333
6128,0,2871,100,29.8,20.3,1276.14,167.137,NA,NA,NA,10,NA,NA,0,0,1,0,0,0,0,12.9412,1.29858,0,1.5,NA,NA,NA,NA,NA,NA,NA,NA,NA,NA,NA,117,NA,NA,71
6131,0,3252,71,58.125,32.2,1420.47,167.87,6,NA,NA,6.6,NA,NA,1,0,0,0,0,0,0,2,1.19884,0,1.5,NA,NA,NA,NA,NA,NA,NA,NA,NA,NA,NA,109,NA,NA,63
6132,0,3039,78.8333,28.7,21.5,1361.81,173.936,6,NA,NA,6,NA,NA,0,0,0,0,0,0,2.5974,58.1395,1.40603,0,1.5,NA,NA,NA,NA,NA,NA,NA,NA,NA,NA,NA,103.3,NA,NA,51.3333
6133,1,2711,66.8,43,28.4,1296.44,170.961,6,NA,NA,7.6,NA,NA,0,1,1,0,0,0,0,16.4948,1.21549,0,1.5,NA,NA,NA,NA,NA,NA,NA,NA,NA,NA,NA,105,NA,NA,60.6667
6136,0,2806,74.5,22.5,18,1314.32,164.866,5,NA,NA,6.6,NA,NA,0,1,1,0,0,1.53846,3.33333,100,1.29064,0,1.5,NA,NA,NA,NA,NA,NA,NA,NA,NA,NA,NA,86,NA,NA,38
6137,0,2891,77.5,24.3333,22,1251.87,168.217,5,NA,NA,9.8,NA,NA,1,1,1,1,0,0,0,5.46875,1.22977,0,1.5,NA,NA,NA,NA,NA,NA,NA,NA,NA,NA,NA,86.3,NA,NA,40
6138,1,2656,71,24.5,19,1414.06,NA,5,NA,NA,6.5,NA,NA,1,0,1,0,13.7931,8.88889,5.42169,100,1.3558,0,1.5,NA,NA,NA,NA,NA,NA,NA,NA,NA,NA,NA,83,NA,NA,36
6140,0,2997,73.125,29.7778,21.2,1395.09,168.793,6,NA,NA,7.5,NA,NA,0,0,1,1,0,0,1,6.38298,1.30777,0,1.5,NA,NA,NA,NA,NA,NA,NA,NA,NA,NA,NA,86,NA,NA,43
6142,0,2511,97,26,23.2,1377.21,171.165,5,NA,NA,6,NA,NA,0,1,0,0,0,0,0.833333,57.3171,1.31816,0,1.5,NA,NA,NA,NA,NA,NA,NA,NA,NA,NA,NA,90,NA,NA,39.5
6145,1,3563,100,41.3,26.8,1319.45,168.766,6,NA,NA,6.5,NA,NA,0,1,1,0,0,0,23.9316,74.3902,1.21301,0,1.5,NA,NA,NA,NA,NA,NA,NA,NA,NA,NA,NA,100,NA,NA,53
6148,0,2946,82.1111,25.8,17.4,1419.41,168.404,6,NA,NA,6.9,NA,NA,0,1,1,1,0,0,0,0,1.3603,0,1.5,NA,NA,NA,NA,NA,NA,NA,NA,NA,NA,NA,90,NA,NA,46.5
6150,0,3134,81.5714,22,18.3,1328.29,167.503,6,NA,NA,6,NA,NA,0,0,1,0,0,0,1,4.34783,1.30977,0,1.5,NA,NA,NA,NA,NA,NA,NA,NA,NA,NA,NA,83.5,NA,NA,27.5
6151,0,3323,100,36.9,25,1307.1,166.032,6,NA,NA,5.2,NA,NA,0,1,1,0,0,0,0,15.625,1.26097,NA,NA,NA,NA,NA,NA,NA,NA,NA,NA,NA,NA,NA,108,NA,NA,62.5
6154,NA,3813,100,NA,20.6,1365.16,167.297,5,NA,NA,8,NA,NA,0,0,0,0,100,100,100,100,1.32593,0,0.727273,NA,NA,NA,NA,NA,NA,NA,NA,NA,NA,NA,109,NA,NA,64
6163,NA,3601,100,31.1,21.3,1248.76,169.886,4,NA,NA,8,NA,NA,0,0,0,0,100,100,100,100,1.3602,0,1.5,NA,NA,NA,NA,NA,NA,NA,NA,NA,NA,NA,107.5,NA,NA,55
6166,NA,3167,100,31.2,21.3,1412.74,NA,6,NA,NA,8,NA,NA,0,0,1,0,100,100,100,100,1.15757,0,1.5,NA,NA,NA,NA,NA,NA,NA,NA,NA,NA,NA,107.5,NA,NA,50.5
6169,NA,3037,96,26,17.1,1240.87,163.412,5.5,3,2,5.5,8.5,11.5,0,0,1,0,76.6129,89.2473,92.3077,99,1.34582,0,1.5,89.25,97.25,88.75,151.75,12.875,12.275,14.125,11.15,20599,19782.5,0.1075,91.5,112.75,250,39.5
6171,NA,3532,96.6,25.6,14.5,1729.12,166.378,5,NA,NA,6,NA,NA,0,0,1,0,97.7778,97.7273,100,100,1.18514,NA,NA,NA,NA,NA,NA,NA,NA,NA,NA,NA,NA,NA,104,NA,NA,58.5
6172,NA,3776,100,20.8,16.6,1260.55,170.155,5,NA,NA,5.5,NA,NA,0,0,1,0,90.8046,97.7778,95.935,100,1.27529,NA,NA,NA,NA,NA,NA,NA,NA,NA,NA,NA,NA,NA,80,NA,NA,28.75
6173,NA,3520,81.5,36.1,12.2,1276.3,166.108,6,NA,NA,5.5,NA,NA,0,0,1,0,66.6667,88.7755,78.5714,99,1.33004,0,1.5,NA,NA,NA,NA,NA,NA,NA,NA,NA,NA,NA,89.5,NA,NA,32
6174,NA,2519,100,NA,17.7,1335.39,168.949,6,NA,NA,6.8,NA,NA,1,0,1,0,66.6667,70.5882,83.3333,99.0826,1.26887,0,1.5,NA,NA,NA,NA,NA,NA,NA,NA,NA,NA,NA,91,NA,NA,36.5
6177,NA,3896,100,25.4444,22.3,1387.45,172.69,6,NA,NA,8,NA,NA,1,1,1,0,96.6667,96.2687,99.1667,100,1.29418,0,1.5,NA,NA,NA,NA,NA,NA,NA,NA,NA,NA,NA,89,NA,NA,37.5
6180,NA,2871,30,15,12,1259.43,166.076,6,NA,NA,8.2,NA,NA,1,0,1,1,84.6154,95,99,100,1.18113,0,1.5,NA,NA,NA,NA,NA,NA,NA,NA,NA,NA,NA,58.5,NA,NA,20.25
6184,NA,6077,98.6,26.4,18.9,1331.77,NA,5,NA,NA,7,NA,NA,1,1,1,0,100,100,100,100,1.03819,NA,NA,NA,NA,NA,NA,NA,NA,NA,NA,NA,NA,NA,85.3,NA,NA,35
6188,NA,3313,36.1,19.7,16,1163.14,167.747,6,3,2,NA,8.7,11,1,1,1,0,98.1308,98.8889,100,100,1.20633,NA,NA,66,46,42.25,29.5,9.875,10.425,4.2,4.325,7585,7457,0.249,59,43.5,34.8,NA
6189,NA,1963,44.7,NA,18,1363.75,165.702,5,NA,NA,8.3,NA,NA,1,0,1,0,4.80769,10,11.9048,97.2973,1.28246,0,1.5,NA,NA,NA,NA,NA,NA,NA,NA,NA,NA,NA,73,NA,NA,25
6193,NA,NA,33.1,NA,15.3,1289.68,164.001,5,NA,NA,8,NA,NA,0,0,1,0,28.4615,66.3158,60.7143,79.1367,1.27793,0,1.5,NA,NA,NA,NA,NA,NA,NA,NA,NA,NA,NA,71,NA,NA,19.5
6194,NA,NA,76.6,32.2222,27.55,1261.76,NA,6.5,4,3,5.6,7.4,10.3,0,0,1,0,43.038,85.1064,96.4103,96,1.09902,0,1.5,95.75,80.5,90.75,143.5,15.1,11.45,15.95,NA,9234.5,9997,NA,108.8,102.75,130,36.6667
6195,NA,1704,35.8,24.2,21.1,1197.87,170.696,6,NA,NA,6.6,NA,NA,0,0,1,0,0,2.9703,14.9254,99,1.32628,0,1.5,NA,NA,NA,NA,NA,NA,NA,NA,NA,NA,NA,68,NA,NA,19
6198,NA,NA,56.5,19.8,15.8333,1222.25,167.335,7,NA,NA,7.2,NA,NA,0,0,1,0,93.2432,96.7742,99.1667,100,1.14596,NA,NA,NA,NA,NA,NA,NA,NA,NA,NA,NA,NA,NA,78.5,NA,NA,33.25
6201,NA,2155,98,30.9,23.7,1357.42,169.216,6,NA,NA,7,NA,NA,0,0,1,0,41.6,72.043,98.3333,99,1.35234,0,1.5,NA,NA,NA,NA,NA,NA,NA,NA,NA,NA,NA,91.3,NA,NA,43
6202,NA,2308,79.6667,27.9,19.1,1380.38,172.975,6,3,2,NA,7.3,13.8,0,0,1,0,88.5965,98,99.2308,96.2264,1.23194,1,1.5,101.5,114,99.3333,171,16.425,11.975,17.45,NA,10343,10338,0.0175,115,141.667,187,NA
6209,NA,3103,100,NA,17.4,1319.62,169.673,7,NA,NA,6.9,NA,NA,0,0,1,0,6.31579,36.3636,4.41989,83.3333,1.2016,0,1.5,NA,NA,NA,NA,NA,NA,NA,NA,NA,NA,NA,90,NA,NA,32
6210,NA,4079,100,30,17.7,1345.39,169.721,6,NA,NA,7.2,NA,NA,0,0,0,0,2.91262,5.20833,10,70.7547,1.23809,0,1.5,NA,NA,NA,NA,NA,NA,NA,NA,NA,NA,NA,89.3,NA,NA,32.5
6216,NA,NA,100,33.8,19.5,1302.51,171.027,6,NA,NA,8.6,NA,NA,1,0,0,1,87.9518,99,99.2308,100,1.10649,0,1.5,NA,NA,NA,NA,NA,NA,NA,NA,NA,NA,NA,117.5,NA,NA,70
6217,NA,NA,100,31.8,15.7,1247.43,176.334,5,NA,NA,6.9,NA,NA,1,0,0,1,100,100,100,100,1.29814,NA,NA,NA,NA,NA,NA,NA,NA,NA,NA,NA,NA,NA,90.7,NA,NA,40
6218,NA,NA,100,32.5556,22.4,1339.46,175.749,7,NA,NA,6,NA,NA,1,0,1,1,25.2874,97,100,100,1.09247,0,1.5,NA,NA,NA,NA,NA,NA,NA,NA,NA,NA,NA,106,NA,NA,70
6220,NA,NA,NA,26.1,18.3,1303.31,166.011,6,NA,NA,5.5,NA,NA,0,0,1,1,96.4706,100,100,100,1.39646,0,1.5,NA,NA,NA,NA,NA,NA,NA,NA,NA,NA,NA,96.5,NA,NA,43
6231,NA,NA,100,28.2,22.4,1168.1,165.469,5,NA,NA,6.1,NA,NA,0,0,1,0,100,100,100,100,1.35701,0,1.5,NA,NA,NA,NA,NA,NA,NA,NA,NA,NA,NA,110,NA,NA,61
6238,NA,NA,96.2,22,14.9,1162.79,175.523,6,NA,NA,4.3,NA,NA,0,0,0,0,63.6364,67.5676,75.2137,90.991,1.29091,NA,NA,NA,NA,NA,NA,NA,NA,NA,NA,NA,NA,NA,99,NA,NA,35
6240,NA,NA,97.2,21.9,15.2,1268.97,170.843,5,NA,NA,4.3,NA,NA,1,0,1,0,86.6667,96.7742,97,100,1.339,0,1.5,NA,NA,NA,NA,NA,NA,NA,NA,NA,NA,NA,91,NA,NA,31
6241,NA,NA,99.4,23,16.1,1368.7,171.601,5,NA,NA,4.1,NA,NA,1,0,1,0,71.9298,72.9412,92.3077,99,1.28143,NA,NA,NA,NA,NA,NA,NA,NA,NA,NA,NA,NA,NA,91,NA,NA,24
6242,0,NA,100,30.9,22.45,1217.76,164.804,5.5,3,2,7.5,8.3,15,0,0,1,0.5,0,0,2.61438,55.6701,1.22399,0,1.5,94.5,132.25,91.75,137.75,15.175,NA,16.025,NA,18818.5,10498,0.0795,93.5,115.25,250,42
6243,0,5078,NA,NA,NA,1323.32,165.851,7,3,2,2.7,8.6,12.7,0,0,0.5,0,32.4074,77.5701,97.9592,100,1.22505,0,1.5,66.5,49.75,45.25,36.75,12.55,8.125,5.95,4.6,18332,17085.5,0.3695,56,41.25,29,22.5
6244,NA,NA,100,27.2222,17.8,1385.62,183.717,5,NA,NA,8.5,NA,NA,0,0,0,NA,98.1132,100,100,100,1.29327,0,1.5,NA,NA,NA,NA,NA,NA,NA,NA,NA,NA,NA,107.5,NA,NA,55
6255,0,NA,100,52.625,38.1,1289.57,167.605,5,NA,NA,9.6,NA,NA,1,1,0,0,0,0,NA,100,1.16357,NA,NA,NA,NA,NA,NA,NA,NA,NA,NA,NA,NA,NA,104.5,NA,NA,49
6258,0,NA,100,36.5,28.9,1206.9,NA,6,NA,NA,7.1,NA,NA,1,0,0,0,1.94175,60.5096,84.0708,100,1.30475,0,1.5,NA,NA,NA,NA,NA,NA,NA,NA,NA,NA,NA,107,NA,NA,58
6268,0,NA,100,54.4,40.2,1214.25,NA,11,NA,NA,8.9,NA,NA,1,0,0,1,0,0,6.19469,100,NA,NA,NA,NA,NA,NA,NA,NA,NA,NA,NA,NA,NA,NA,108,NA,NA,49.5
6276,0,NA,100,59.1,44.7,1285.53,NA,5,NA,NA,8.5,NA,NA,1,1,0,1,0,0,23.8938,100,1.06807,NA,NA,NA,NA,NA,NA,NA,NA,NA,NA,NA,NA,NA,109,NA,NA,57
6284,0,NA,100,47,25.6,1214.82,168.203,5,NA,NA,6.2,NA,NA,1,0,1,0,0,1,2,97,1.30937,0,1.5,NA,NA,NA,NA,NA,NA,NA,NA,NA,NA,NA,106.5,NA,NA,54
6800,1,NA,NA,NA,NA,NA,NA,NA,NA,NA,NA,NA,NA,NA,NA,NA,NA,NA,NA,NA,NA,NA,NA,NA,NA,NA,NA,NA,NA,NA,NA,NA,NA,NA,NA,NA,NA,NA,NA
6836,0,NA,NA,NA,NA,NA,NA,NA,NA,NA,NA,NA,NA,NA,NA,NA,NA,NA,NA,NA,NA,NA,NA,NA,NA,NA,NA,NA,NA,NA,NA,NA,NA,NA,NA,NA,NA,NA,NA
6897,0,NA,NA,NA,NA,NA,NA,5,4,3,3.6,7.3,11.5,0,0,0,1,NA,NA,NA,NA,1.10416,0,1.5,66,56.75,44.5,50.25,8.125,10.425,7.3,6.075,8494,12925.5,0.2535,62,55.75,67.25,21
6898,0,2935,NA,NA,NA,NA,NA,5,3,2,4.2,5,4.4,0,0,0.5,1,NA,NA,NA,NA,1.11692,0,1.5,44.5,27.75,27.5,18.5,5.45,2.6,2.475,NA,11698.5,6225.5,NA,41,25.5,24.75,12
6900,0,NA,100,NA,16.9,1591.16,NA,5,3,2,2.6,5.5,7.5,0,0,0,0,NA,NA,NA,NA,NA,0,1.5,91.25,170.75,108.75,171,11.825,NA,12.025,NA,5853.5,7179.5,0.016,90,170.667,270,48
6901,0,2098,NA,NA,NA,1403.86,NA,5,3,3,2.9,5.2,8.5,0,0,0,0,NA,NA,NA,NA,NA,0,1.5,NA,NA,NA,NA,NA,NA,NA,NA,NA,NA,NA,86,169,270,36
6903,0,NA,NA,NA,NA,NA,NA,7,4,2,3.6,7.2,12,0,0,1,0,NA,NA,NA,NA,1.21021,1,0.642857,66.25,52,46,44.75,9.7,10.525,7.5,9.575,15121,10731,0.327,57,51.25,38,24
6904,0,2646,NA,NA,NA,NA,NA,7,4,3,4.4,7.3,9.4,1,0,0.75,1,NA,NA,NA,NA,1.26783,0,1.5,67.75,60.75,62.5,69.5,13.65,11.7,12.2,13.075,22328.5,19221.5,0.223,66,77,64.5,22.5
6913,0,3733,NA,NA,NA,1325.55,165.287,5,3,2,4.3,7,5.7,0,0,0,0,99,100,100,100,1.24008,0,1.5,99,168.667,141.25,169.75,9.5,NA,NA,NA,11352,4657,NA,99,252.5,270,33.5
6915,0,5265,NA,NA,NA,NA,NA,5,3,2,5,8.5,10.5,0,1,1,0,NA,NA,NA,NA,1.23385,0,1.5,66,53.75,39.5,36.5,11.475,10.15,6.325,8.925,19143,19565,0.254,53,47.75,44.5,20
6917,0,3327,NA,NA,NA,1633.49,NA,7,4,4,3.6,8.5,10,0,0,0,1,NA,NA,NA,NA,NA,0,1.5,125.5,170.75,142.75,169.75,10.35,NA,NA,NA,12286,8903,NA,121,221.5,230,85
6918,0,4587,NA,NA,NA,1323.38,NA,5,3,3,4.5,9,9.5,0,0,0,1,NA,NA,NA,NA,NA,0,1.5,129.333,169,150,168.5,13.1,NA,NA,NA,NA,4638,NA,108,135,270,32
6919,0,3512,NA,NA,NA,NA,NA,7,4,2,3.9,6.2,9.2,0,0,0.75,0,NA,NA,NA,NA,1.32822,0,1.5,71.5,53.75,56.3333,47.5,10.075,8.225,4.45,7.75,NA,10098.5,0.173,71,45.5,45.75,23.5
6921,0,3746,NA,NA,NA,NA,NA,5,3,2,4.8,9.5,12,0,0,0,0,NA,NA,NA,NA,1.40602,NA,NA,89.25,92.5,73.25,134.5,14.475,10,16.575,13.55,14742,8539,0.064,64,97.5,101.75,23.75
6922,0,NA,NA,NA,NA,NA,NA,5,3,2,3.7,8,11,0,1,NA,0,NA,NA,NA,NA,1.10828,0,1.5,62,40.5,29,23.75,9.725,4.325,3.025,3.3,26444.5,12079.5,NA,48,31,30.5,14
6926,0,NA,NA,NA,NA,NA,NA,5,3,2,4.2,10.2,10.3,0,0,0,1,NA,NA,NA,NA,1.38773,0,1.5,63.5,45.5,39.5,38,11.15,9.15,5.3,8.475,17949.5,7238.5,0.279,49,45,41,15
6929,0,3855,NA,NA,NA,NA,NA,7,3,2,6.5,9.2,11,0,0,1,1,NA,NA,NA,NA,1.49374,0,1.5,70.25,57.5,49,42.6667,15.325,12.925,10.525,9,27677,15916.5,0.1865,71,56.3333,43,20
6938,0,NA,NA,NA,NA,NA,NA,5,3,2,5,9,9.3,0,0,1,0,NA,NA,NA,NA,1.25812,0,0.315789,75,67,59.5,88.6667,13.075,9.7,12.275,10.15,30627,16448.5,0.284,63,72,70.75,28
6940,0,5036,NA,NA,NA,NA,NA,7,4,2,3.5,7.2,5.2,0,1,0.5,1,NA,NA,NA,NA,1.11714,0,1.5,65.5,33.25,29.75,24.5,7.85,3.975,3.325,3.175,20657.5,8356.5,0.348,49,31.5,27.5,11.3333
6945,0,3920,NA,NA,NA,NA,NA,7,3,2,4,7,10,0,0,1,1,NA,NA,NA,NA,1.36744,0,1.5,NA,NA,NA,NA,NA,NA,NA,NA,NA,NA,NA,55,53,59,17.5
6951,0,3050,NA,NA,NA,NA,NA,7,4,2,5.5,6.5,9.2,0,0,1,0,NA,NA,NA,NA,1.29046,0,1.5,74,53,51,50,11.7,10.625,9.625,10.1,12046,4538,0.2705,68,50,34.5,26.25
6958,0,2865,NA,NA,NA,NA,NA,7,3,2,6.5,10.8,9.2,0,1,0.75,1,NA,NA,NA,NA,1.28662,0,1.5,63.5,37.75,32.25,24,9.525,7.25,4.05,3.4,11832.5,8573,NA,49,31.25,24.5,16
6961,1,3160,NA,NA,NA,NA,NA,7,3,3,5.7,9.2,10.5,0,1,1,1,NA,NA,NA,NA,1.36406,0,1.5,53.5,46.25,41.5,40.25,10.15,11.7,7.05,11.875,8724,10039.5,0.2555,46,46.75,55.75,17
6963,0,4996,NA,NA,NA,NA,NA,5,3,2,11.6,11.4,11,0,0,1.5,1,NA,NA,NA,NA,1.37831,0,1.5,71.5,59,46.25,41,11.55,12.825,9.225,11.05,25646,17549,0.247,60,66.25,49.5,25
6964,0,3495,NA,NA,NA,1250.25,166.171,7,4,3,4.2,6.5,7,1,0,1,0,NA,NA,NA,NA,1.2436,NA,NA,85.25,80.25,68,130.5,13.725,8.175,12.9,10.275,13779,14236.5,0.042,93,96.75,206.75,40
6965,0,NA,NA,NA,NA,1311.67,NA,5,3,2,3.8,6.8,9.2,0,0,0.5,1,NA,NA,NA,NA,1.3049,0,1.5,89.5,103,81,124,13.35,6.925,13.5,8.075,20376,7703.5,0.0875,102,129,80.6667,31
6967,0,3350,NA,NA,NA,NA,NA,5,3,2,3.4,6,11,0,1,0,0,NA,NA,NA,NA,1.25165,0,1.5,56.75,40.5,36.25,28,7.225,5.6,4.325,4,7259,15691.5,NA,44,32.5,27.5,13
6968,0,5978,NA,NA,NA,1596.85,NA,5,3,2,4.3,9,10.5,0,0,1,0,NA,NA,NA,NA,1.38411,0,1.5,89.75,111,63,100.25,9.825,11.2,11.95,13.3,17763,11788.5,0.0245,71,125.25,207,24.5
6970,1,3097,NA,NA,NA,NA,NA,5,3,2,6,11.5,12,0,1,0.75,1,NA,NA,NA,NA,1.4206,0,1.5,56.25,45.5,37.6667,42,9.1,11.1,6.975,8.325,8419,4783.5,0.1995,48,45,44,15.5
6973,0,3753,NA,NA,NA,1263.08,NA,5,3,2,3.2,7.5,10.2,0,0,0.5,0,0,0,2.91262,59.0361,1.32351,0,1.5,59.25,39.25,30.5,34.75,7.5,5.9,3.975,3.5,19528,11005,0.4255,53,35,35,13.5
6974,0,3648,NA,53.7,33.4286,2593.1,NA,5,3,2,4.3,8,11.2,0,0,1,0,0,0,0,0,NA,0,1.5,109.5,159.25,134.75,170.5,13.55,NA,12.1,NA,17147.5,9051,NA,103,151,270,32.5
6975,0,4321,NA,NA,NA,NA,NA,5,3,2,4.6,7.5,9.9,0,0,0.75,1,NA,NA,NA,NA,1.26942,0,1.5,65.5,41,29.25,25.75,8.975,8.85,4.625,4.45,28410,16615.5,0.2525,51,43.25,36.5,22
6977,0,3885,NA,NA,NA,NA,NA,5,3,2,5,7,10.1,0,0,0,1,NA,NA,NA,NA,1.10254,NA,NA,58.5,34.5,24,21.75,7.925,4.75,2.775,2.05,22327,12927.5,0.352,49,32,26.5,14
6981,0,6518,NA,NA,NA,NA,NA,7,3,2,4.7,6.2,4.6,0,0,0,1,NA,NA,NA,NA,1.24891,0,1.5,60,28,26,19,5.85,2.9,2.475,NA,18982.5,7802.5,0.3295,44,26.5,26,16
6982,NA,4630,NA,NA,NA,NA,NA,7,4,3,3.7,8.7,12,0,0,0.75,1,NA,NA,NA,NA,1.24163,0,1.5,75.5,33,30.75,25.25,14.775,6.3,4.35,3.45,16481,8292.5,0.1265,49,34.25,29,15.5
6983,0,3679,NA,NA,NA,NA,NA,5,3,5,4.4,9.5,12,0,0,1,0,NA,NA,NA,NA,1.14421,0,1.5,86,71.25,48.5,68.25,14.45,12.4,8.575,12.875,16517.5,6195.5,0.0235,71,69,80,19.25
6986,NA,NA,NA,NA,NA,NA,NA,NA,NA,NA,NA,NA,NA,NA,NA,NA,NA,NA,NA,NA,NA,NA,NA,NA,NA,NA,NA,NA,NA,NA,NA,NA,NA,NA,NA,NA,NA,NA,NA
6990,NA,NA,NA,NA,NA,NA,NA,8,3.5,4,NA,8.3,12,1,0,1,0,NA,NA,NA,NA,NA,0,1.5,74.75,63.75,60.75,75.25,13.9,10.875,14.75,13.2,24593.5,12228.5,0.179,73,105,118.3,NA
6992,NA,NA,NA,NA,NA,NA,NA,6,3.5,3,NA,5.5,7,1,1,1,0,NA,NA,NA,NA,NA,NA,NA,73.5,55.75,38.25,32.6667,12.725,9.025,5.275,5.45,19367,12208.5,0.186,NA,NA,NA,NA
6994,NA,NA,NA,NA,NA,NA,NA,6,3.5,3,NA,7.8,10,1,0,1,1,NA,NA,NA,NA,NA,0,1.5,74.25,62.75,60.75,66.25,11.25,9.425,13.225,11.05,21872.5,16297.5,0.1955,87,84.5,91,NA
7000,NA,3097,NA,NA,NA,NA,NA,8,4,4,NA,6.6,10.5,1,0,1,0,NA,NA,NA,NA,NA,0,1.5,64.75,48,33.75,29.75,10.5,9,4.675,5.45,20901.5,16062,0.3115,65,66.75,54.3,NA
7002,NA,NA,NA,NA,NA,NA,NA,10,4,3.5,NA,5.6,10.2,0,0,1,0,NA,NA,NA,NA,NA,0,1.5,74.3333,62.75,57,56.3333,12.2,11.4,11,9,16427.5,12860,0.1965,89,87.6667,90.3,NA
7003,NA,NA,NA,NA,NA,NA,NA,NA,NA,NA,NA,NA,NA,NA,NA,NA,NA,NA,NA,NA,NA,NA,NA,NA,NA,NA,NA,NA,NA,NA,NA,NA,NA,NA,NA,NA,NA,NA,NA
7008,NA,NA,NA,NA,NA,NA,NA,NA,NA,NA,NA,NA,NA,NA,NA,NA,NA,NA,NA,NA,NA,NA,NA,NA,87,88.25,70,85.75,15.375,11.175,16.2,10.575,18047,5582.5,0.016,NA,NA,NA,NA
7014,NA,3544,NA,NA,NA,NA,NA,6,4,3,NA,8.2,12,0,1,1,0,NA,NA,NA,NA,NA,0,1.5,77,70,61,70,14.25,14.3,15.65,11.7,19297.5,14222.5,0.0865,92,90,95.3,NA
7015,NA,NA,NA,NA,NA,NA,NA,NA,NA,NA,NA,NA,NA,NA,NA,NA,NA,NA,NA,NA,NA,NA,NA,NA,67,52,50.25,57.75,13.075,8.9,11.3,16.625,12801.5,9723.5,0.3575,NA,NA,NA,NA
7025,NA,NA,NA,NA,NA,NA,NA,NA,NA,NA,NA,NA,NA,NA,NA,NA,NA,NA,NA,NA,NA,NA,NA,NA,68,57.25,53,60,10.975,11.85,8.45,12.375,NA,13546.5,0.183,NA,NA,NA,NA
7026,NA,NA,NA,NA,NA,NA,NA,6,NA,NA,NA,NA,NA,0,1,1,0,NA,NA,NA,NA,NA,0,1.5,67.5,46.5,36.75,30.75,8.5,8.475,4.925,4.625,19673.5,10375,0.2635,59,72,NA,NA
7028,NA,NA,NA,NA,NA,NA,NA,NA,NA,NA,NA,NA,NA,NA,NA,NA,NA,NA,NA,NA,NA,NA,NA,NA,54.5,36.75,25.75,21.75,6.55,3.85,3.65,3.05,18661,10466.5,0.265,NA,NA,NA,NA
7031,NA,NA,NA,NA,NA,NA,NA,6,3.5,3,NA,6.7,3.7,1,1,1,0,NA,NA,NA,NA,NA,0,1.5,60.75,36.75,33.25,27.5,9.175,6.425,3.975,3.85,23686.5,10579.5,0.323,72.5,47,29,NA
7036,NA,NA,NA,NA,NA,NA,NA,NA,NA,NA,NA,NA,NA,NA,NA,NA,NA,NA,NA,NA,NA,NA,NA,NA,NA,NA,NA,NA,NA,NA,NA,NA,NA,NA,NA,NA,NA,NA,NA
7061,NA,NA,NA,NA,NA,NA,NA,NA,NA,NA,NA,NA,NA,NA,NA,NA,NA,NA,NA,NA,NA,NA,NA,NA,NA,NA,NA,NA,NA,NA,NA,NA,NA,NA,NA,NA,NA,NA,NA
7068,NA,NA,NA,NA,NA,NA,NA,NA,NA,NA,NA,NA,NA,NA,NA,NA,NA,NA,NA,NA,NA,NA,NA,NA,NA,NA,NA,NA,NA,NA,NA,NA,NA,NA,NA,NA,NA,NA,NA
7071,NA,NA,NA,NA,NA,NA,NA,6,5,NA,NA,5.7,NA,0,1,1,0,NA,NA,NA,NA,NA,0,1.5,68.25,41.75,33.75,26.25,13.25,12.675,4.875,3.975,14095,11606,0.16,64,59.75,NA,NA
7072,NA,NA,NA,NA,NA,NA,NA,NA,NA,NA,NA,NA,NA,NA,NA,NA,NA,NA,NA,NA,NA,NA,NA,NA,NA,NA,NA,NA,NA,NA,NA,NA,NA,NA,NA,NA,NA,NA,NA
7092,NA,NA,NA,NA,NA,NA,NA,6,NA,NA,NA,NA,NA,0,1,1,1,NA,NA,NA,NA,NA,NA,NA,73.5,56.5,57.25,45.25,9.85,11.35,9.825,5.15,8290.5,6517,0.1945,74,NA,NA,NA
7096,NA,NA,NA,NA,NA,NA,NA,NA,NA,NA,NA,NA,NA,NA,NA,NA,NA,NA,NA,NA,NA,NA,NA,NA,NA,NA,NA,NA,NA,NA,NA,NA,NA,NA,NA,NA,NA,NA,NA
7102,NA,NA,NA,NA,NA,NA,NA,NA,NA,NA,NA,NA,NA,NA,NA,NA,NA,NA,NA,NA,NA,1.42211,NA,NA,81,68.25,71,75,11.475,9.875,11.4,9.675,29023.5,23608.5,0.1315,NA,NA,NA,NA
7103,NA,NA,NA,NA,NA,NA,NA,NA,NA,NA,NA,NA,NA,NA,NA,NA,NA,NA,NA,NA,NA,NA,NA,NA,NA,NA,NA,NA,NA,NA,NA,NA,NA,NA,NA,NA,NA,NA,NA
7106,NA,NA,NA,NA,NA,NA,NA,NA,NA,NA,NA,NA,NA,NA,NA,NA,NA,NA,NA,NA,NA,NA,NA,NA,71.6667,40.25,35.5,25.5,16,9.6,4.325,4.3,13812,14314.5,NA,NA,NA,NA,NA
7107,NA,NA,NA,NA,NA,NA,NA,NA,NA,NA,NA,NA,NA,NA,NA,NA,NA,NA,NA,NA,NA,NA,NA,NA,NA,NA,NA,NA,NA,NA,NA,NA,NA,NA,NA,NA,NA,NA,NA
7117,NA,NA,NA,NA,NA,NA,NA,NA,NA,NA,NA,NA,NA,NA,NA,NA,NA,NA,NA,NA,NA,NA,NA,NA,48.6667,32.5,25.6667,23.25,5.075,4.125,3.15,2.975,19970.5,7479,0.3045,NA,NA,NA,NA
7125,NA,NA,NA,NA,NA,NA,NA,NA,NA,NA,NA,NA,NA,NA,NA,NA,NA,NA,NA,NA,NA,NA,NA,NA,NA,NA,NA,NA,NA,NA,NA,NA,NA,NA,NA,NA,NA,NA,NA
7126,NA,NA,NA,NA,NA,NA,NA,NA,NA,NA,NA,NA,NA,NA,NA,NA,NA,NA,NA,NA,NA,NA,NA,NA,85.5,100.25,89.5,158,11.3,9.6,13.3,NA,23086.5,16957,0.0725,NA,NA,NA,NA
7130,NA,NA,NA,NA,NA,NA,NA,NA,NA,NA,NA,NA,NA,NA,NA,NA,NA,NA,NA,NA,NA,NA,NA,NA,NA,NA,NA,NA,NA,NA,NA,NA,NA,NA,NA,NA,NA,NA,NA
7133,NA,NA,NA,NA,NA,NA,NA,NA,NA,NA,NA,NA,NA,NA,NA,NA,NA,NA,NA,NA,NA,NA,NA,NA,NA,NA,NA,NA,NA,NA,NA,NA,NA,NA,NA,NA,NA,NA,NA
7138,NA,NA,NA,NA,NA,NA,NA,NA,NA,NA,NA,NA,NA,NA,NA,NA,NA,NA,NA,NA,NA,NA,NA,NA,NA,NA,NA,NA,NA,NA,NA,NA,NA,NA,NA,NA,NA,NA,NA
7143,NA,NA,NA,NA,NA,NA,NA,16,4,4,NA,7.5,7,0,1,1,0,NA,NA,NA,NA,NA,0,1.5,62.5,34,32,38.75,8.675,4.8,3.725,2.6,16289,7705.5,0.2985,64,37,28.7,NA
7162,NA,NA,NA,NA,NA,NA,NA,NA,NA,NA,NA,NA,NA,NA,NA,NA,NA,NA,NA,NA,NA,NA,NA,NA,NA,NA,NA,NA,NA,NA,NA,NA,NA,NA,NA,NA,NA,NA,NA
7163,NA,4455,NA,NA,NA,NA,NA,8,4,3,NA,7.1,6,0,1,1,1,NA,NA,NA,NA,NA,0,1.5,51.75,28.75,29,20.5,8.5,3.725,3,3.625,22245.5,16242.5,0.2515,57,39,27.8,NA
7164,NA,NA,NA,NA,NA,NA,NA,NA,NA,NA,NA,NA,NA,NA,NA,NA,NA,NA,NA,NA,NA,NA,NA,NA,99.25,116,75.5,74,14.675,15.2,17.225,16.625,18449,15683.5,NA,NA,NA,NA,NA
7165,NA,NA,NA,NA,NA,NA,NA,NA,NA,NA,NA,NA,NA,NA,NA,NA,NA,NA,NA,NA,NA,NA,NA,NA,65.3333,45.25,31,28,11.975,10.975,4.6,3.925,19748,11677.5,0.2475,NA,NA,NA,NA
7166,NA,NA,NA,NA,NA,NA,NA,NA,5,4,NA,6.4,9.7,0,1,1,0,NA,NA,NA,NA,NA,0,1.5,72.75,57,42,44,10.15,11.575,6.3,8.7,25270.5,9132,0.115,65.5,74,83.3,NA
7169,NA,NA,NA,NA,NA,NA,NA,NA,NA,NA,NA,NA,NA,NA,NA,NA,NA,NA,NA,NA,NA,NA,NA,NA,85.5,79.5,63.75,61.5,12.25,13.6,14.275,14.55,22760.5,15664,0.0595,NA,NA,NA,NA
7174,NA,NA,NA,NA,NA,NA,NA,NA,NA,NA,NA,NA,NA,NA,NA,NA,NA,NA,NA,NA,NA,NA,NA,NA,NA,NA,NA,NA,NA,NA,NA,NA,NA,NA,NA,NA,NA,NA,NA
7175,NA,NA,NA,NA,NA,NA,NA,NA,NA,NA,NA,NA,NA,NA,NA,NA,NA,NA,NA,NA,NA,NA,NA,NA,NA,NA,NA,NA,NA,NA,NA,NA,NA,NA,NA,NA,NA,NA,NA
7177,NA,NA,NA,NA,NA,NA,NA,NA,NA,NA,NA,NA,NA,NA,NA,NA,NA,NA,NA,NA,NA,NA,NA,NA,NA,NA,NA,NA,NA,NA,NA,NA,NA,NA,NA,NA,NA,NA,NA
7181,NA,NA,NA,NA,NA,NA,NA,NA,NA,NA,NA,NA,NA,NA,NA,NA,NA,NA,NA,NA,NA,NA,NA,NA,88.25,71.3333,63.3333,128.25,14.15,10.375,13.25,11.4,9699.5,1102.5,0.071,NA,NA,NA,NA
7183,0,NA,NA,NA,NA,NA,NA,NA,NA,NA,NA,NA,NA,NA,NA,NA,NA,NA,NA,NA,NA,1.48493,NA,NA,NA,NA,NA,NA,NA,NA,NA,NA,NA,NA,NA,46,50.5,63,13
7199,NA,NA,NA,NA,NA,NA,NA,6,4,4,NA,7.4,6.3,0,1,1,0,NA,NA,NA,NA,NA,NA,NA,59.5,32.5,29.25,23.5,7.4,4.8,3.7,3.625,27091.5,12865,0.3625,49,37.5,32.8,NA
7203,NA,NA,NA,NA,NA,NA,NA,NA,NA,NA,NA,NA,NA,NA,NA,NA,NA,NA,NA,NA,NA,NA,NA,NA,NA,NA,NA,NA,NA,NA,NA,NA,NA,NA,NA,NA,NA,NA,NA
7206,NA,NA,NA,NA,NA,NA,NA,6,4,4,NA,7.5,4.8,1,1,1,1,NA,NA,NA,NA,NA,NA,NA,60.75,33.75,28,22.25,10.05,4.675,3.425,3.25,21731,8328,0.3705,44,NA,25,NA
7208,NA,NA,NA,NA,NA,NA,NA,NA,NA,NA,NA,NA,NA,NA,NA,NA,NA,NA,NA,NA,NA,NA,NA,NA,NA,NA,NA,NA,NA,NA,NA,NA,NA,NA,NA,NA,NA,NA,NA
7217,NA,NA,NA,NA,NA,NA,NA,NA,NA,NA,NA,NA,NA,NA,NA,NA,NA,NA,NA,NA,NA,NA,NA,NA,NA,NA,NA,NA,NA,NA,NA,NA,NA,NA,NA,NA,NA,NA,NA
7218,NA,NA,NA,NA,NA,NA,NA,NA,NA,NA,NA,NA,NA,NA,NA,NA,NA,NA,NA,NA,NA,NA,NA,NA,NA,NA,NA,NA,NA,NA,NA,NA,NA,NA,NA,NA,NA,NA,NA
7235,NA,NA,NA,NA,NA,NA,NA,NA,NA,NA,NA,NA,NA,NA,NA,NA,NA,NA,NA,NA,NA,NA,NA,NA,NA,NA,NA,NA,NA,NA,NA,NA,NA,NA,NA,NA,NA,NA,NA
7236,NA,NA,NA,NA,NA,NA,NA,NA,NA,NA,NA,NA,NA,NA,NA,NA,NA,NA,NA,NA,NA,NA,NA,NA,NA,NA,NA,NA,NA,NA,NA,NA,NA,NA,NA,NA,NA,NA,NA
7244,NA,NA,NA,NA,NA,NA,NA,NA,4,3,NA,7,7,0,1,0,1,NA,NA,NA,NA,NA,NA,NA,56.75,42.25,29.5,25.25,8.525,5.8,3.775,2.825,19989.5,7710.5,NA,58,37.25,30,NA
7252,NA,NA,NA,NA,NA,NA,NA,NA,NA,NA,NA,NA,NA,NA,NA,NA,NA,NA,NA,NA,NA,NA,NA,NA,101.75,132.5,113.75,171,14.475,13.25,13.675,NA,13487,14377,NA,NA,NA,NA,NA
7255,NA,8628,NA,NA,NA,NA,NA,NA,4,5,NA,5.2,7.6,0,1,1,1,NA,NA,NA,NA,NA,0,1.5,59.5,35.25,27.25,26.3333,9.2,5.9,2.875,3.575,13659.5,11685,0.302,46,35.5,30,NA
7276,NA,NA,NA,NA,NA,NA,NA,NA,NA,NA,NA,NA,NA,NA,NA,NA,NA,NA,NA,NA,NA,NA,NA,NA,71.75,45.75,32.5,27.75,8.85,6.975,5,3.275,28848.5,8759,0.2265,NA,NA,NA,NA
7280,NA,NA,NA,NA,NA,NA,NA,NA,3.5,3.5,NA,6.2,12,0,1,0,1,NA,NA,NA,NA,NA,0,1.5,64.5,45.25,35,29,10.775,8.625,5.075,4.4,11770,16044,0.238,59,49.25,40,NA
7287,NA,NA,NA,NA,NA,NA,NA,NA,NA,NA,NA,NA,NA,NA,NA,NA,NA,NA,NA,NA,NA,NA,NA,NA,65.75,41.5,31.5,26,9.85,8,4.55,3.425,23159.5,12403.5,0.3145,NA,NA,NA,NA
7293,NA,NA,NA,NA,NA,NA,NA,NA,NA,NA,NA,NA,NA,NA,NA,NA,NA,NA,NA,NA,NA,NA,NA,NA,NA,NA,NA,NA,NA,NA,NA,NA,NA,NA,NA,NA,NA,NA,NA
7298,NA,NA,NA,NA,NA,NA,NA,NA,NA,NA,NA,NA,NA,NA,NA,NA,NA,NA,NA,NA,NA,NA,NA,NA,NA,NA,NA,NA,NA,NA,NA,NA,NA,NA,NA,NA,NA,NA,NA
7300,NA,NA,NA,NA,NA,NA,NA,NA,NA,NA,NA,NA,NA,NA,NA,NA,NA,NA,NA,NA,NA,NA,0,1.5,59,50,50.3333,40,13.3,11.975,15.125,11.3,15957,13595,0.3425,61,NA,NA,NA
7305,NA,NA,NA,NA,NA,NA,NA,NA,NA,NA,NA,NA,NA,NA,NA,NA,NA,NA,NA,NA,NA,NA,NA,NA,70,43.25,29.25,25.3333,15.575,10.275,4.15,2.9,19481.5,12537.5,0.2485,NA,NA,NA,NA
7306,NA,2857,NA,NA,NA,NA,NA,6,5,NA,NA,8,5.1,0,1,1,1,NA,NA,NA,NA,1.23976,0,1.5,69.75,49,35.25,32.75,10.1,7.675,5.575,5.3,28541.5,13685.5,0.2775,60,50.25,67,NA
7314,NA,NA,NA,NA,NA,NA,NA,NA,NA,NA,NA,NA,NA,NA,NA,NA,NA,NA,NA,NA,NA,NA,NA,NA,NA,NA,NA,NA,NA,NA,NA,NA,NA,NA,NA,NA,NA,NA,NA
7316,NA,NA,NA,NA,NA,NA,NA,6,5,NA,NA,8.1,NA,0,1,1,0,NA,NA,NA,NA,NA,0,1.5,85,85.25,69.25,120.25,12.85,8.725,13.95,10.55,16952.5,13033.5,0.1065,98,134.75,NA,NA
7318,NA,NA,NA,NA,NA,NA,NA,NA,NA,NA,NA,NA,NA,NA,NA,NA,NA,NA,NA,NA,NA,NA,NA,NA,NA,NA,NA,NA,NA,NA,NA,NA,NA,NA,NA,NA,NA,NA,NA
7319,NA,NA,NA,NA,NA,NA,NA,NA,NA,NA,NA,NA,NA,NA,NA,NA,NA,NA,NA,NA,NA,NA,NA,NA,NA,NA,NA,NA,NA,NA,NA,NA,NA,NA,NA,NA,NA,NA,NA
7320,NA,NA,NA,NA,NA,NA,NA,6,5,NA,NA,5.7,NA,0,0,1,1,NA,NA,NA,NA,NA,0,1.5,76.5,63,53.75,62.75,11.8,10.25,9.2,9.8,18446,9113.5,0.2465,87,77.75,NA,NA
7332,NA,NA,NA,NA,NA,NA,NA,NA,NA,NA,NA,NA,NA,NA,NA,NA,NA,NA,NA,NA,NA,NA,NA,NA,NA,NA,NA,NA,NA,NA,NA,NA,NA,NA,NA,NA,NA,NA,NA
7333,NA,NA,NA,NA,NA,NA,NA,6,3,2,NA,10.5,8,0,1,1,1,NA,NA,NA,NA,NA,0,1.5,58.5,29.75,26,23,9.675,4.675,3.875,3.9,15817,NA,0.217,50,34.25,28,NA
7337,NA,NA,NA,NA,NA,NA,NA,6,4,3,NA,7.5,9.5,1,1,1,0,NA,NA,NA,NA,NA,0,1.5,68.75,46.25,34.5,30,13.125,9.95,4.325,4.925,22537.5,18993,0.2105,59,48.75,39.3,NA
7342,NA,NA,NA,NA,NA,NA,NA,NA,NA,NA,NA,NA,NA,NA,NA,NA,NA,NA,NA,NA,NA,NA,NA,NA,NA,NA,NA,NA,NA,NA,NA,NA,NA,NA,NA,NA,NA,NA,NA
7343,NA,NA,NA,NA,NA,NA,NA,7,6,5,NA,8,6.5,0,1,1,0,NA,NA,NA,NA,NA,0,1.5,62.75,49.5,35.5,35.5,11.675,10.275,5.775,7.8,25730.5,20800,0.3505,62,52.25,47,NA
7344,NA,NA,NA,NA,NA,NA,NA,6,4,3,NA,6.7,10.5,0,1,1,0,NA,NA,NA,NA,NA,0,1.5,65.75,46.75,37.25,34.25,9.825,8.1,4.95,4,23744.5,12054.5,0.1725,57.5,55,36.3,NA
7347,NA,NA,NA,NA,NA,NA,NA,NA,NA,NA,NA,NA,NA,NA,NA,NA,NA,NA,NA,NA,NA,NA,NA,NA,NA,NA,NA,NA,NA,NA,NA,NA,NA,NA,NA,NA,NA,NA,NA
7349,NA,NA,NA,NA,NA,NA,NA,NA,NA,NA,NA,NA,NA,NA,NA,NA,NA,NA,NA,NA,NA,NA,NA,NA,NA,NA,NA,NA,NA,NA,NA,NA,NA,NA,NA,NA,NA,NA,NA
7351,NA,NA,NA,NA,NA,NA,NA,6,4,3,NA,6,9.3,0,0,1,0,NA,NA,NA,NA,NA,0,1.5,86.25,62.75,53.5,43.5,14.2,11.95,9.4,8.175,25500.5,9427.5,0.084,98.3,71,47.5,NA
7353,NA,NA,NA,NA,NA,NA,NA,NA,NA,NA,NA,NA,NA,NA,NA,NA,NA,NA,NA,NA,NA,NA,NA,NA,79.25,74.3333,52.75,58.75,12,9.45,12,10.35,14422.5,12150.5,0.1035,NA,NA,NA,NA
7354,0,NA,NA,NA,NA,NA,NA,NA,NA,NA,NA,NA,NA,NA,NA,NA,NA,NA,NA,NA,NA,NA,NA,NA,95.75,127.333,91.25,170.25,14.375,9.6,14.95,10.65,27234,12105.5,0.084,NA,NA,NA,NA
7372,NA,NA,NA,NA,NA,NA,NA,NA,NA,NA,NA,NA,NA,NA,NA,NA,NA,NA,NA,NA,NA,NA,NA,NA,69.5,53.5,36,31.5,11.175,10.375,4.325,4.65,23954.5,15096,0.3145,NA,NA,NA,NA
7375,NA,NA,NA,NA,NA,NA,NA,NA,NA,NA,NA,NA,NA,NA,NA,NA,NA,NA,NA,NA,NA,NA,NA,NA,NA,NA,NA,NA,NA,NA,NA,NA,NA,NA,NA,NA,NA,NA,NA
7378,NA,NA,NA,NA,NA,NA,NA,6,4,3,NA,7,13,0,0,1,0,NA,NA,NA,NA,NA,NA,NA,72,58.5,51.75,54,14.05,13.3,9.075,12.525,22394.5,11741.5,0.222,76,76,87.8,NA
7384,NA,NA,NA,NA,NA,NA,NA,6,4,4.5,NA,10,11.3,0,0,1,0,NA,NA,NA,NA,NA,NA,NA,81,87.5,76.75,129.5,17.3,13.575,17.675,13.075,22402.5,10601.5,0.0235,95.8,113,148,NA
7387,NA,NA,NA,NA,NA,NA,NA,NA,NA,NA,NA,NA,NA,NA,NA,NA,NA,NA,NA,NA,NA,NA,NA,NA,NA,NA,NA,NA,NA,NA,NA,NA,NA,NA,NA,NA,NA,NA,NA
7404,NA,NA,NA,NA,NA,NA,NA,NA,NA,NA,NA,NA,NA,NA,NA,NA,NA,NA,NA,NA,NA,NA,NA,NA,59,34,29.5,21.25,13.175,6.75,4.575,3.925,20233.5,10013.5,0.2945,NA,NA,NA,NA
7411,NA,NA,NA,NA,NA,NA,NA,NA,4,4,NA,5.6,8.5,1,1,1,0,NA,NA,NA,NA,NA,NA,NA,61.25,46,37,27.75,8.275,7.725,4.525,4.2,24013,14756.5,0.2875,64,50,38,NA
7421,0,NA,NA,NA,NA,NA,NA,NA,NA,NA,NA,NA,NA,NA,NA,NA,NA,NA,NA,NA,NA,NA,NA,NA,NA,NA,NA,NA,NA,NA,NA,NA,NA,NA,NA,NA,NA,NA,NA
7424,NA,NA,NA,NA,NA,NA,NA,6,4,3,NA,6.3,4.3,0,1,1,1,NA,NA,NA,NA,NA,0,1.5,59.75,35.75,35,21.75,8.525,4.275,4.175,4.3,13178.5,17344,0.3795,43,30,26,NA
7427,NA,NA,NA,NA,NA,NA,NA,NA,NA,NA,NA,NA,NA,NA,NA,NA,NA,NA,NA,NA,NA,NA,NA,NA,NA,NA,NA,NA,NA,NA,NA,NA,NA,NA,NA,NA,NA,NA,NA
7430,NA,NA,NA,NA,NA,NA,NA,NA,NA,NA,NA,NA,NA,NA,NA,NA,NA,NA,NA,NA,NA,NA,NA,NA,64,44,37.25,35.25,13.075,10.825,6.725,4.775,21193,12114,0.3145,NA,NA,NA,NA
7458,NA,NA,NA,NA,NA,NA,NA,NA,NA,NA,NA,NA,NA,NA,NA,NA,NA,NA,NA,NA,NA,NA,NA,NA,NA,NA,NA,NA,NA,NA,NA,NA,NA,NA,NA,NA,NA,NA,NA
7514,0,NA,NA,NA,NA,NA,NA,5.5,3.5,3.5,4.4,9.35,7.55,0,0.5,0.75,0.5,NA,NA,NA,NA,1.22481,0,1.5,83.75,61.5,52.25,65.75,12,9.4,11.9,11.25,22514.5,12106,0.092,58,51.25,45.5,22.5
7516,0,2901,NA,NA,NA,1332.87,NA,5,4,3,5,10.2,9.5,0,1,0.75,0,7.35294,2,0,66.9643,1.11937,0,1.5,106.25,161.5,140.75,169.25,13.9,NA,13.25,NA,4710.5,4369,NA,100,167,270,32.5
7517,0,NA,100,45.625,29.4,1399.44,NA,5,4,3,5.3,10.5,11,0,1,0.75,1,NA,NA,NA,NA,1.05715,0,1.5,106.667,168.25,150,169.75,17.25,NA,14,NA,5756.5,4698.5,NA,107,159.667,207.5,41.3333
7518,0,3394,NA,NA,NA,1406,NA,5,4,3,5.2,10.5,9.1,0,0,1,1,0,0,0,1,1.15735,NA,NA,102.75,136.75,79,115.25,15.2,NA,16.45,12.675,9170,10698.5,NA,103,115.667,113.333,39
8213,0,9504,NA,NA,NA,NA,NA,5,3,2,5,6,8.5,0,1,0.5,1,NA,NA,NA,NA,1.31317,0,1.5,52,28.75,34,22,9.05,5.3,4.2,3.65,21474.5,13222,0.345,44,28.75,26,15
8222,NA,NA,NA,NA,NA,1284.84,NA,7,3,2,3,8,13.2,1,0,1,1,0,1,0,52.9412,NA,0,1.5,94,147,92.75,168.5,14.575,NA,14.375,10.775,8560.5,8841.5,0.0905,90,97.5,90,34.5
8230,NA,3049,NA,NA,NA,1321.72,164.219,7,3,2,3.85,7.5,11,0,0,0.5,0.5,2,2.90698,13.4615,25.6,1.19647,0,1.5,NA,NA,NA,NA,NA,NA,NA,NA,NA,NA,NA,97,77.75,216,47
8231,0,2212,NA,NA,NA,1936.69,NA,5,3,2,2,6.5,9.2,0,0,0.5,1,0,0,3.18471,90.9091,1.16084,0,1.5,92.5,127.5,75.25,110.5,15.275,9.15,15.225,12.6,23972.5,12641.5,NA,91,116,126,42
8237,NA,2388,NA,NA,NA,1447.04,168.63,7,3,4,0.7,6.6,NA,0,0,0.5,0,0,0,0,27.044,1.40161,0,1.5,93.25,140.5,98.5,170.75,13.525,NA,14.65,NA,21282,15440.5,0.1005,97,43,NA,32
8240,NA,3051,NA,NA,NA,1410.78,NA,7,3,2,2.3,7.5,11.2,0,0,0.5,0,0,0,0,3.84615,1.14794,0,1.5,102.75,139.5,105.75,168.75,10.8,8.85,13.1,NA,14992,5130.5,NA,93,122,250,42.6667
8241,0,3465,NA,NA,NA,1372.52,169.537,7,3,2,3.8,10,16,0,0,1,0,2.04082,2.72727,6.04027,85.0746,1.1504,0,1.5,83,64.25,61.5,51.3333,14.3,9.475,11.7,9.35,21080,11258.5,0.1065,73,66.75,43,37
8242,NA,3509,NA,NA,NA,1132.69,NA,5,3,2,3,7.6,8.8,0,0,0.5,1,0,0,19.5804,86.7347,NA,0,1.5,113,169,119.25,169.25,12.775,NA,14.75,NA,9504.5,8615.5,0.078,120,100,250,50
8247,1,3353,NA,NA,NA,1483.17,169.623,5,3,2,2.7,7,9,0,0,1,1,65.2174,79.2793,94.9367,98,1.42811,0,1.5,86,97.75,78.25,109.25,12.825,10.5,13.7,11.5,21406,17312,0.12,87,93.6667,96,42
8249,0,2650,NA,NA,NA,1372.64,NA,7,3,2,2.1,5.2,7.5,0,0,0,0,50.8475,77.551,99,100,1.24758,0,1.5,81.6667,80.5,76,93,10.3,9.8,11.95,10.6,19091,10410.5,0.1195,81,98.75,109,33
8256,0,3083,NA,NA,NA,1432.7,168.985,7,3,2,2.3,7,12.2,0,0,0.75,1,85.4701,90.8397,78.7037,100,1.33783,0,1.5,65.25,39,29,24.25,10.025,5.075,3.475,2.25,25119,8773.5,0.3045,61,41,26.6667,18.5
8258,0,3358,NA,NA,NA,1280.55,167.796,7,3,2,2,8.6,14.5,0,0,0.5,1,0,2.46914,0,90.9091,1.34078,0,1.5,74.75,59.25,38.5,32,13.9,10.275,4.95,5.025,25674.5,15963,0.212,73,63,33.5,31
8259,0,2857,NA,NA,NA,1238.49,166.874,7,3,2,2.2,10.3,14.8,0,0,0.75,1,3.87597,6.45161,28.4768,92.7711,1.21464,0,1.5,75.25,58.5,42.5,33.5,14.375,11.05,7.55,5.5,31003,10017,0.2315,73,50.5,33,31.5
8283,NA,2898,NA,NA,NA,1314.81,168.741,7,3,2,2.1,8.4,10.5,0,0,0.5,0,77.1186,86.2745,99.2308,100,1.39045,1,1.5,88.5,146,67.25,170.5,15.35,7.7,14.375,NA,23502.5,12197.5,NA,71,84.6667,250,36.5
8306,NA,2074,NA,NA,NA,1298.01,161.754,5,3,2,2.8,6.2,8.5,1,1,1,0,0,0,0,29.5455,1.32927,0,1.5,97,102,119,169.5,12.65,10.975,15.35,NA,13134,8089,0.0645,96,49.75,250,49.5
8334,NA,4155,NA,NA,NA,1278.32,164.96,7,3,2,2.5,7.2,12.5,1,0,0.5,0,0,0,0,83.3333,1.32798,0,1.5,68.25,56,45,38,13.375,10.175,6.8,8.375,17724,10706,0.2005,64,52,51,20.5
8335,NA,3596,NA,NA,NA,1423.74,NA,7,3,2,2,6.2,9,1,0,0.75,0,0,0,1,2.40964,NA,0,1.5,93.25,139.25,96.25,168.5,12.7,NA,14.95,NA,8305,5001,0.059,104,129,250,47.5
8369,NA,2718,NA,NA,NA,1467.45,165.208,5,3,2,2.7,5.8,8,0,1,0.5,0,0.833333,0,10.1562,37.234,1.35881,0,1.5,80,96,76.3333,116.5,12.2,9.6,15.05,12.45,NA,13234.5,0.11,76,67.25,110,35.5
8376,NA,3766,NA,NA,NA,1974.05,165.983,7,3,2,2.5,7,7.5,0,0,0.5,1,98.3333,100,100,100,1.37427,0,1.5,97,159,103,169.75,13.5,NA,14.9,NA,8781.5,5970.5,NA,84,134,250,39.5
8386,NA,2836,NA,NA,NA,1255.54,165.234,7,3,2,2.1,6.7,12.6,0,0,0,0,20,62.8571,88.3495,100,1.24858,1,1.5,NA,NA,NA,NA,NA,NA,NA,NA,NA,NA,NA,69,50.5,39.5,26.6667
8387,NA,3230,NA,NA,NA,1571.75,168.119,5,3,2,2.3,7,12.2,0,0,1,0,0.769231,1,0,99,1.26266,0,1.5,70,51.25,35.25,34.25,9.375,10.55,4.3,5.3,14908.5,10091,0.2035,52,49,44,18
8422,0,3484,NA,NA,NA,1238.17,162.334,5,3,3,3,6.5,8.3,0,0,0,1,0.769231,55.102,NA,100,1.25086,NA,NA,116.5,168.5,146.75,168.5,10.65,NA,11.35,NA,16751.5,6577,NA,106,172,250,53
9057,0,3365,NA,NA,NA,1235.31,162.855,5,4,3,3.2,7.8,12.5,0,0,1,0,0.769231,1.81818,10.2941,18.1818,1.18621,0,1.5,81.75,61,53.25,40,13.5,10.9,9.325,7.1,30702,11281,0.1,76,60.6667,38.25,39.5
9058,0,3145,NA,NA,NA,1330.95,167.612,7,4,2,NA,NA,NA,1,0,0,1,6.89655,37.2549,96.1538,100,1.37735,0,1.5,92.3333,152.5,113.667,170.25,13.5,NA,16.25,NA,NA,7535,NA,101,128,250,38
9321,NA,NA,NA,NA,NA,1225.48,172.198,6,NA,NA,6.1,NA,NA,0,0,1,0,99.1667,100,100,100,1.27797,0,1.5,NA,NA,NA,NA,NA,NA,NA,NA,NA,NA,NA,100,NA,NA,57.3333
9323,NA,NA,100,33.5,15.8,1242.83,165.423,6,NA,NA,7,NA,NA,0,1,1,0,51.3699,64.7059,70.9677,89.7196,1.31276,0,1.5,NA,NA,NA,NA,NA,NA,NA,NA,NA,NA,NA,100.3,NA,NA,58.6667
9371,NA,NA,100,32,17.3,1294.61,NA,6,NA,NA,6.5,NA,NA,1,1,1,0,88.189,100,NA,100,1.2337,0,1.5,NA,NA,NA,NA,NA,NA,NA,NA,NA,NA,NA,106.3,NA,NA,52.6667
9382,NA,NA,100,26.5,15.7,1109.34,NA,6,NA,NA,12.1,NA,NA,0,0,1,1,0,2.98507,43.0108,99,1.07182,0,1.5,NA,NA,NA,NA,NA,NA,NA,NA,NA,NA,NA,99.3,NA,NA,51.5
9386,NA,NA,92.1,25.7,20.3,1248.96,NA,6,NA,NA,10,NA,NA,1,1,0,0,100,100,100,100,1.30123,0,1.5,NA,NA,NA,NA,NA,NA,NA,NA,NA,NA,NA,117,NA,NA,57
9388,NA,NA,100,25.7,17.9,1322.51,NA,5,NA,NA,8.1,NA,NA,1,0,1,0,100,100,100,100,1.40889,0,1.5,NA,NA,NA,NA,NA,NA,NA,NA,NA,NA,NA,118.8,NA,NA,66
9390,0,NA,32.9,NA,12,1184.16,167.703,5,NA,NA,8.4,NA,NA,0,0,1,0,92.3729,97.1429,99,100,1.28661,0,1.5,NA,NA,NA,NA,NA,NA,NA,NA,NA,NA,NA,69.5,NA,NA,23.5
9391,0,NA,46.3,19.8,16.1,1130.7,NA,6,NA,NA,9.2,NA,NA,0,0,1,0,62.5,97.0874,87.2727,100,1.21441,0,1.5,NA,NA,NA,NA,NA,NA,NA,NA,NA,NA,NA,73,NA,NA,25.75
9394,0,NA,NA,29.3,22.2,1257.85,NA,5,NA,NA,10.2,NA,NA,0,0,1,0,NA,NA,NA,NA,1.29924,NA,NA,NA,NA,NA,NA,NA,NA,NA,NA,NA,NA,NA,103.5,NA,NA,53.5
9395,0,NA,NA,44.1,23.4,1236.72,NA,6,NA,NA,10,NA,NA,0,0,1,0,NA,NA,NA,NA,0.971072,NA,NA,NA,NA,NA,NA,NA,NA,NA,NA,NA,NA,NA,97.5,NA,NA,53.5
9399,NA,NA,100,NA,28.1,1275.48,NA,7,NA,NA,9.9,NA,NA,0,0,1,0,0,0,3.05344,42.5,1.38154,NA,NA,NA,NA,NA,NA,NA,NA,NA,NA,NA,NA,NA,101.8,NA,NA,54
9402,NA,NA,68.6667,31.5556,15.5,1188.29,168.021,7,NA,NA,15,NA,NA,0,0,1,0,0.833333,4.9505,21.4953,56.3218,1.30102,0,1.5,NA,NA,NA,NA,NA,NA,NA,NA,NA,NA,NA,92.5,NA,NA,43.5
9404,NA,NA,80.8,26.6,19.2,1121.09,NA,6,NA,NA,10.1,NA,NA,0,0,1,0,0,0,0,1,1.31927,NA,NA,NA,NA,NA,NA,NA,NA,NA,NA,NA,NA,NA,99,NA,NA,59
9405,NA,NA,74.125,24,18.5,1359.57,167.327,6,NA,NA,9,NA,NA,1,1,1,1,0,1.83486,0,83.3333,1.37895,0,1.5,NA,NA,NA,NA,NA,NA,NA,NA,NA,NA,NA,85.8,NA,NA,36
9407,NA,NA,71.2857,NA,18,1340.47,NA,7,NA,NA,8.7,NA,NA,0,1,1,1,0,1,3.27869,85.3211,1.33113,0,1.5,NA,NA,NA,NA,NA,NA,NA,NA,NA,NA,NA,91.5,NA,NA,41.5
9408,NA,NA,100,NA,22.7,1290.45,NA,5,NA,NA,9,NA,NA,1,1,1,0,1.35135,3.125,22.8916,70.8661,1.31779,NA,NA,NA,NA,NA,NA,NA,NA,NA,NA,NA,NA,NA,111.8,NA,NA,62.5
9409,NA,NA,99.4,NA,24,1288.34,164.097,5,NA,NA,6.6,NA,NA,1,1,1,0,0,0,0,8.43373,1.14419,0,1.5,NA,NA,NA,NA,NA,NA,NA,NA,NA,NA,NA,105,NA,NA,55
9412,NA,NA,43,23.2,18.8,1119.39,NA,6,NA,NA,10,NA,NA,0,0,0,1,0,0,28,99.0196,1.28358,0,1.5,NA,NA,NA,NA,NA,NA,NA,NA,NA,NA,NA,86.5,NA,NA,33.5
9416,NA,NA,100,43.7778,21.7,1180.93,163.277,4,NA,NA,11.5,NA,NA,1,1,1,0,27.2,44.9275,82.1429,96.1538,1.2437,0,1.5,NA,NA,NA,NA,NA,NA,NA,NA,NA,NA,NA,115,NA,NA,60.6667
9421,NA,NA,95.4444,NA,24.1,1139.05,NA,5,NA,NA,9,NA,NA,0,1,1,0,0,0,1,1.69492,1.39198,0,1.5,NA,NA,NA,NA,NA,NA,NA,NA,NA,NA,NA,105,NA,NA,50
9427,NA,NA,100,21.375,17.4,1161.67,NA,4,NA,NA,8.5,NA,NA,0,0,1,0,97.1698,100,100,100,1.18412,0,1.5,NA,NA,NA,NA,NA,NA,NA,NA,NA,NA,NA,91,NA,NA,33
9433,NA,NA,100,28.3,22,1131.87,NA,6,NA,NA,3.2,NA,NA,1,1,0,0,53.6842,70.1754,93,100,1.17007,NA,NA,NA,NA,NA,NA,NA,NA,NA,NA,NA,NA,NA,121,NA,NA,61
9434,NA,NA,84.6,21.1,13.3,1373.77,NA,5,NA,NA,8.5,NA,NA,0,0,1,0,99.1304,99,100,100,1.30513,0,1.5,NA,NA,NA,NA,NA,NA,NA,NA,NA,NA,NA,108.3,NA,NA,66
9437,NA,NA,61.75,25.6,14.2,1118.44,NA,5,NA,NA,10.4,NA,NA,1,0,1,0,4.25532,11.2676,28.5714,88.0597,1.13044,0,1.5,NA,NA,NA,NA,NA,NA,NA,NA,NA,NA,NA,77,NA,NA,35
9442,NA,NA,100,37,30,1241.16,NA,10,NA,NA,9.3,NA,NA,1,1,1,1,0,0,0,53.8462,NA,NA,NA,NA,NA,NA,NA,NA,NA,NA,NA,NA,NA,NA,108.7,NA,NA,48
9450,NA,NA,84.5,25.6,14.5,1253.42,165.566,7,NA,NA,10,NA,NA,0,1,1,0,1.79641,3.84615,53.5714,96.6942,1.36159,0,1.5,NA,NA,NA,NA,NA,NA,NA,NA,NA,NA,NA,89.8,NA,NA,50
9451,NA,NA,100,37.3,22.7,1068.45,NA,6,NA,NA,11.5,NA,NA,0,1,1,0,51.3274,51.0949,92.4242,100,1.20223,NA,NA,NA,NA,NA,NA,NA,NA,NA,NA,NA,NA,NA,111,NA,NA,63
9452,NA,NA,98.7,33.3,19.4,1258.55,NA,6,NA,NA,12.5,NA,NA,0,0,1,0,NA,NA,NA,NA,1.21418,NA,NA,NA,NA,NA,NA,NA,NA,NA,NA,NA,NA,NA,106,NA,NA,61.5
9453,NA,NA,100,37.8,21,1169.88,NA,5,NA,NA,8.2,NA,NA,1,0,1,0,0,0,0,1,1.39818,0,1.5,NA,NA,NA,NA,NA,NA,NA,NA,NA,NA,NA,98,NA,NA,60
9454,NA,NA,100,36,21.8,1262.93,NA,6,NA,NA,11,NA,NA,0,1,1,0,0,0,0,1,1.34417,0,1.5,NA,NA,NA,NA,NA,NA,NA,NA,NA,NA,NA,104.8,NA,NA,63
9455,NA,NA,80.1667,40,23.3,1080.49,NA,8,NA,NA,9.5,NA,NA,0,1,1,0,0,0,0,1,1.37689,0,1.5,NA,NA,NA,NA,NA,NA,NA,NA,NA,NA,NA,100,NA,NA,67.3333
9470,NA,NA,79.3333,35.4,17.2,1173.98,NA,5,NA,NA,9.7,NA,NA,0,1,1,0,38.5417,38.5321,74.0741,85.7143,1.31248,NA,NA,NA,NA,NA,NA,NA,NA,NA,NA,NA,NA,NA,90.7,NA,NA,32.6667
9471,NA,NA,70.2857,26.6,18.4,1231.94,NA,6,NA,NA,6.8,NA,NA,0,0,1,1,63.6364,96,87.5,100,1.24682,0,1.5,NA,NA,NA,NA,NA,NA,NA,NA,NA,NA,NA,86,NA,NA,37
9476,NA,NA,100,45.3,36.3,1194.87,161.516,6,NA,NA,10,NA,NA,1,1,1,0,0,0,0,34.9515,1.09407,NA,NA,NA,NA,NA,NA,NA,NA,NA,NA,NA,NA,NA,105,NA,NA,58
9481,0,NA,100,44.3,25.1,1238.02,170.166,5,NA,NA,7.5,NA,NA,1,0,1,0,0,2,4,39.1667,1.40413,0,1.5,NA,NA,NA,NA,NA,NA,NA,NA,NA,NA,NA,107,NA,NA,68.5
